<?xml version="1.0" encoding="UTF-8" standalone="yes"?>
<addon id="plugin.video.dragonFRD"                                                                                                                                    
	   name="DragonFRD 2"                                                 
	   version="1.4.7"                                                                                                                                        
	   provider-name="Dragon">
  <requires>
<import addon="script.module.requests"/>
<!-- <import addon="script.module.resolveurl" /> -->
    
  </requires>
  <extension point="xbmc.python.pluginsource"
            library="main.py">
        <provides>video</provides>
  </extension>
  <extension point="xbmc.addon.metadata">
    <reuselanguageinvoker>true</reuselanguageinvoker>
    <summary lang="en">סרטים וסדרות בקליק</summary>
    <description lang="en">All the media as fast as possible</description>
	
    <platform>all</platform>
	<assets>
            <icon>icon.png</icon>
            <fanart>fanart.jpg</fanart>
    </assets>
  </extension>
</addon>
