﻿<?xml version="1.0" encoding="UTF-8" standalone="yes"?>
<addon id="plugin.program.mediasync"                                                                                                                                    
	   name="Media Sync"                                                 
	   version="1.0.5"                                                                                                                                        
	   provider-name="Anonymous">
  <requires>
    <!-- <import addon="xbmc.python" version="2.1.0"/> -->
	<import addon="script.module.requests"/>
	
  </requires>
  <extension point="xbmc.python.pluginsource" library="default.py">
    <provides>executable</provides>
  </extension>
  <extension point="xbmc.service" library="service.py" start="startup" />
  <extension point="xbmc.addon.metadata">
    <summary lang="he">סנכרון מדיה - Kodi Anonymous</summary>
    <description lang="he">סנכרון מדיה - Kodi Anonymous</description>
    <platform>all</platform>
	<assets>
            <icon>icon.png</icon>
            <fanart>fanart.jpg</fanart>
    </assets>
  </extension>
</addon>