<?xml version="1.0" encoding="UTF-8"?>
<!-- Foundation -->
<window type="dialog" id="1154">
    <defaultcontrol always="true">9000</defaultcontrol>
    <!-- <onunload>AlarmClock(reloadskin,ReloadSkin(),00:00,silent,false)</onunload> -->
    <controls>
        <include>Global_Overlay</include>
        <control type="group">
            <include content="Dialog_Standard_Group">
                <param name="width" value="1800" />
                <param name="height" value="716" />
            </include>

            <control type="label">
                <description>Header Label</description>
				<left>1000</left>
                <label>בחר תצוגה ראשית</label>
                <include>Dialog_Standard_Header</include>
            </control>
            <!-- Image -->
            <control type="group">
                <left>20</left>
                <width>1060</width>
                <top>100</top>
                <height>600</height>
                <control type="image">
                    <texture background="true" fallback="special://skin/fanart.jpg" diffuse="diffuse/1117.png">$INFO[Window.Property(Image_Preview)]</texture>
		    <!-- <visible>!Control.HasFocus(9004)</visible> -->
                    <aspectratio scalediffuse="false">keep</aspectratio>
                </control>
                <!-- <control type="multiimage"> -->
                    <!-- <aspectratio scalediffuse="false">keep</aspectratio> -->
                    <!-- <timeperimage>1000</timeperimage> -->
                    <!-- <imagepath>special://skin/extras/backgrounds/viewmodes/netflix-mixed/</imagepath> -->
		    <!-- <visible>Control.HasFocus(9004)</visible> -->
                <!-- </control> -->
                <control type="image">
                    <aspectratio scalediffuse="false">center</aspectratio>
                    <visible>[Control.HasFocus(9001) + !String.Contains(Control.GetLabel(9001),*)] | [Control.HasFocus(9002) + !String.Contains(Control.GetLabel(9002),*)] | [Control.HasFocus(9003) + !String.Contains(Control.GetLabel(9003),*)] | [Control.HasFocus(9004) + !String.Contains(Control.GetLabel(9004),*)] | [Control.HasFocus(9005) + !String.Contains(Control.GetLabel(9005),*)] | [Control.HasFocus(9006) + !String.Contains(Control.GetLabel(9006),*)] | [Control.HasFocus(9007) + !String.Contains(Control.GetLabel(9007),*)] | [Control.HasFocus(9008) + !String.Contains(Control.GetLabel(9008),*)] | [Control.HasFocus(9009) + !String.Contains(Control.GetLabel(9009),*)] | [Control.HasFocus(9010) + !String.Contains(Control.GetLabel(9010),*)]</visible>
                </control>
            </control>

            <control type="grouplist" id="9000">
                <description>Control Area</description>
                <right>20</right>
                <width>680</width>
                <top>100</top>
                <height>600</height>
                <itemgap>10</itemgap>
                <orientation>vertical</orientation>
                <pagecontrol>60</pagecontrol>
                <usecontrolcoords>true</usecontrolcoords>
                       <control type="radiobutton" id="9001" description="Enable Aura  Home Layout">
                            <include>Dialog_Standard_ListButton</include>
                            <radioposx>10</radioposx>
							 <!--אריחים טיטאן - שורה 1< -->
							<!-- <selected>Skin.SetString(HomeS,noxtitan)</selected> -->
                            <label>$LOCALIZE[313437841]</label>
                            <onfocus>SetProperty(Image_Preview,special://skin/extras/viewthumbs/homelayout_1.jpg)</onfocus>
						<onclick>Skin.SetString(HomeLayout, 1)</onclick>
                            <onclick condition="String.IsEmpty(Window(Home).Property(RunWizard))">ReloadSkin()</onclick>
                            <onclick condition="!String.IsEmpty(Window(Home).Property(RunWizard))">Close</onclick>
                            <onclick condition="!String.IsEmpty(Window(Home).Property(RunWizard))">ReplaceWindow(1157)</onclick>

                        </control>
                        <control type="radiobutton" id="9002" description="Enable Default Netflix  Home Layout">
                            <include>Dialog_Standard_ListButton</include>
                            <radioposx>10</radioposx>
                            <label>$LOCALIZE[313437842]</label>
                            <onfocus>SetProperty(Image_Preview,special://skin/extras/viewthumbs/homelayout_2.jpg)</onfocus>
							 <!-- <selected>Skin.SetString(HomeS,titan)</selected> -->
							<onclick>Skin.SetString(HomeLayout, 2)</onclick>
                            <onclick condition="String.IsEmpty(Window(Home).Property(RunWizard))">ReloadSkin()</onclick>
                            <onclick condition="!String.IsEmpty(Window(Home).Property(RunWizard))">Close</onclick>
                            <onclick condition="!String.IsEmpty(Window(Home).Property(RunWizard))">ReplaceWindow(1157)</onclick>

                        </control>
                        <control type="radiobutton" id="9003" description="Enable Alternative Home  Spotlight">
                            <include>Dialog_Standard_ListButton</include>
	                   <radioposx>10</radioposx>
                            <label>$LOCALIZE[313437843]</label>
                            <!-- <selected>Skin.HasSetting(DisableNetflixHomeAlt)</selected> -->
                           <onclick>Skin.SetString(HomeLayout, 3)</onclick>
                            <onclick condition="String.IsEmpty(Window(Home).Property(RunWizard))">ReloadSkin()</onclick>
                            <onclick condition="!String.IsEmpty(Window(Home).Property(RunWizard))">Close</onclick>
                            <onclick condition="!String.IsEmpty(Window(Home).Property(RunWizard))">ReplaceWindow(1157)</onclick>

	                    <onfocus>SetProperty(Image_Preview,special://skin/extras/viewthumbs/homelayout_3.jpg)</onfocus>
                        </control>
                        <control type="radiobutton" id="9004" description="Enable Mixed Netflix Home  Spotlight">
                            <include>Dialog_Standard_ListButton</include>
                           <radioposx>10</radioposx>
                            <label>$LOCALIZE[313437844]</label>
                            <!-- <selected>Skin.HasSetting(DisableNetflixHomeMixed)</selected> -->
                            <onclick>Skin.SetString(HomeLayout, 1small)</onclick>
                            <onclick condition="String.IsEmpty(Window(Home).Property(RunWizard))">ReloadSkin()</onclick>
                            <onclick condition="!String.IsEmpty(Window(Home).Property(RunWizard))">Close</onclick>
                            <onclick condition="!String.IsEmpty(Window(Home).Property(RunWizard))">ReplaceWindow(1157)</onclick>

	                    <onfocus>SetProperty(Image_Preview,special://skin/extras/viewthumbs/homelayout_1small.jpg)</onfocus>
                        </control>
						
						
                        <control type="radiobutton" id="9005" description="Enable Mixed Netflix Home  Spotlight">
                            <include>Dialog_Standard_ListButton</include>
                           <radioposx>10</radioposx>
                            <label>$LOCALIZE[313437845]</label>
                            <!-- <selected>Skin.HasSetting(DisableNetflixHomeMixed)</selected> -->
                             <onclick>Skin.SetString(HomeLayout, 2small)</onclick>
                            <onclick condition="String.IsEmpty(Window(Home).Property(RunWizard))">ReloadSkin()</onclick>
                            <onclick condition="!String.IsEmpty(Window(Home).Property(RunWizard))">Close</onclick>
                            <onclick condition="!String.IsEmpty(Window(Home).Property(RunWizard))">ReplaceWindow(1157)</onclick>
	                    <onfocus>SetProperty(Image_Preview,special://skin/extras/viewthumbs/homelayout_2small.jpg)</onfocus>
                        </control>
						
						
                        <control type="radiobutton" id="9006" description="Enable Mixed Netflix Home  Spotlight">
                            <include>Dialog_Standard_ListButton</include>
                           <radioposx>10</radioposx>
                            <label>$LOCALIZE[313437846]</label>
                            <!-- <selected>Skin.HasSetting(DisableNetflixHomeMixed)</selected> -->
                           <onclick>Skin.SetString(HomeLayout, 3small)</onclick>
                            <onclick condition="String.IsEmpty(Window(Home).Property(RunWizard))">ReloadSkin()</onclick>
                            <onclick condition="!String.IsEmpty(Window(Home).Property(RunWizard))">Close</onclick>
                            <onclick condition="!String.IsEmpty(Window(Home).Property(RunWizard))">ReplaceWindow(1157)</onclick>
	                    <onfocus>SetProperty(Image_Preview,special://skin/extras/viewthumbs/homelayout_3small.jpg)</onfocus>
                        </control>

                        <control type="radiobutton" id="9007" description="Enable Mixed Netflix Home  Spotlight">
                            <include>Dialog_Standard_ListButton</include>
                           <radioposx>10</radioposx>
                            <label>$LOCALIZE[313437847]</label>
                            <!-- <selected>Skin.HasSetting(DisableNetflixHomeMixed)</selected> -->
                            <onclick>Skin.SetString(HomeLayout, simplever)</onclick>	
                            <onclick condition="String.IsEmpty(Window(Home).Property(RunWizard))">ReloadSkin()</onclick>
                            <onclick condition="!String.IsEmpty(Window(Home).Property(RunWizard))">Close</onclick>
                            <onclick condition="!String.IsEmpty(Window(Home).Property(RunWizard))">ReplaceWindow(1157)</onclick>
	                    <onfocus>SetProperty(Image_Preview,special://skin/extras/viewthumbs/homelayout_vertical.jpg)</onfocus>
                        </control>

                        <control type="radiobutton" id="9008" description="Enable Mixed Netflix Home  Spotlight">
                            <include>Dialog_Standard_ListButton</include>
                           <radioposx>10</radioposx>
                            <label>$LOCALIZE[313437848]</label>
                            <!-- <selected>Skin.HasSetting(DisableNetflixHomeMixed)</selected> -->
                           <onclick>Skin.SetString(HomeLayout, simplever_tiles)</onclick>
                            <onclick condition="String.IsEmpty(Window(Home).Property(RunWizard))">ReloadSkin()</onclick>
                            <onclick condition="!String.IsEmpty(Window(Home).Property(RunWizard))">Close</onclick>
                            <onclick condition="!String.IsEmpty(Window(Home).Property(RunWizard))">ReplaceWindow(1157)</onclick>
	                    <onfocus>SetProperty(Image_Preview,special://skin/extras/viewthumbs/homelayout_vertical_tiles.jpg)</onfocus>
                        </control>
                        <control type="radiobutton" id="9009" description="Enable Mixed Netflix Home  Spotlight">
                            <include>Dialog_Standard_ListButton</include>
                           <radioposx>10</radioposx>
                            <label>$LOCALIZE[313437849]</label>
                            <!-- <selected>Skin.HasSetting(DisableNetflixHomeMixed)</selected> -->
                           <onclick>Skin.SetString(HomeLayout, verticalbig)</onclick>
                            <onclick condition="String.IsEmpty(Window(Home).Property(RunWizard))">ReloadSkin()</onclick>
                            <onclick condition="!String.IsEmpty(Window(Home).Property(RunWizard))">Close</onclick>
                            <onclick condition="!String.IsEmpty(Window(Home).Property(RunWizard))">ReplaceWindow(1157)</onclick>
	                    <onfocus>SetProperty(Image_Preview,special://skin/extras/viewthumbs/homelayout_verticalbig.jpg)</onfocus>
                        </control>
						
                        <control type="radiobutton" id="9010" description="Enable Mixed Netflix Home  Spotlight">
                            <include>Dialog_Standard_ListButton</include>
                           <radioposx>10</radioposx>
                            <label>$LOCALIZE[313437850]</label>
                            <!-- <selected>Skin.HasSetting(DisableNetflixHomeMixed)</selected> -->
                           <onclick>Skin.SetString(HomeLayout, netflix)</onclick>
                            <onclick condition="String.IsEmpty(Window(Home).Property(RunWizard))">ReloadSkin()</onclick>
                            <onclick condition="!String.IsEmpty(Window(Home).Property(RunWizard))">Close</onclick>
                            <onclick condition="!String.IsEmpty(Window(Home).Property(RunWizard))">ReplaceWindow(1157)</onclick>
	                    <onfocus>SetProperty(Image_Preview,special://skin/extras/viewthumbs/homelayout_netflix.jpg)</onfocus>
                        </control>
						
                        <control type="radiobutton" id="9011" description="Enable Mixed Netflix Home  Spotlight">
                            <include>Dialog_Standard_ListButton</include>
                           <radioposx>10</radioposx>
                            <label>$LOCALIZE[313437851]</label>
                            <!-- <selected>Skin.HasSetting(DisableNetflixHomeMixed)</selected> -->
                           <onclick>Skin.SetString(HomeLayout, netflix2)</onclick>
                            <onclick condition="String.IsEmpty(Window(Home).Property(RunWizard))">ReloadSkin()</onclick>
                            <onclick condition="!String.IsEmpty(Window(Home).Property(RunWizard))">Close</onclick>
                            <onclick condition="!String.IsEmpty(Window(Home).Property(RunWizard))">ReplaceWindow(1157)</onclick>
	                    <onfocus>SetProperty(Image_Preview,special://skin/extras/viewthumbs/homelayout_netflix2.jpg)</onfocus>
                        </control>
						
                        <control type="radiobutton" id="9012" description="Enable Mixed Netflix Home  Spotlight">
                            <include>Dialog_Standard_ListButton</include>
                           <radioposx>10</radioposx>
                            <label>$LOCALIZE[313437852]</label>
                            <!-- <selected>Skin.HasSetting(DisableNetflixHomeMixed)</selected> -->
                           <onclick>Skin.SetString(HomeLayout, enhanced)</onclick>
                            <onclick condition="String.IsEmpty(Window(Home).Property(RunWizard))">ReloadSkin()</onclick>
                            <onclick condition="!String.IsEmpty(Window(Home).Property(RunWizard))">Close</onclick>
                            <onclick condition="!String.IsEmpty(Window(Home).Property(RunWizard))">ReplaceWindow(1157)</onclick>
	                    <onfocus>SetProperty(Image_Preview,special://skin/extras/viewthumbs/homelayout_enhanced.jpg)</onfocus>
                        </control>
						
                        <control type="radiobutton" id="9013" description="Enable Mixed Netflix Home  Spotlight">
                            <include>Dialog_Standard_ListButton</include>
                           <radioposx>10</radioposx>
                            <label>$LOCALIZE[313437853]</label>
                            <!-- <selected>Skin.HasSetting(DisableNetflixHomeMixed)</selected> -->
                           <onclick>Skin.SetString(HomeLayout, win10)</onclick>
                            <onclick condition="String.IsEmpty(Window(Home).Property(RunWizard))">ReloadSkin()</onclick>
                            <onclick condition="!String.IsEmpty(Window(Home).Property(RunWizard))">Close</onclick>
                            <onclick condition="!String.IsEmpty(Window(Home).Property(RunWizard))">ReplaceWindow(1157)</onclick>
	                    <onfocus>SetProperty(Image_Preview,special://skin/extras/viewthumbs/homelayout_win10.jpg)</onfocus>
                        </control>
           </control>
        </control>
    </controls>
</window>
