<?xml version="1.0" encoding="UTF-8"?>
<!-- Foundation -->
<window type="dialog" id="1155">
    <defaultcontrol always="true">9000</defaultcontrol>
    <!-- <onunload>AlarmClock(reloadskin,ReloadSkin(),00:00,silent,false)</onunload> -->
    <controls>
        <include>Global_Overlay</include>
        <control type="group">
            <include content="Dialog_Standard_Group">
                <param name="width" value="1800" />
                <param name="height" value="716" />
            </include>

            <control type="label">
                <description>Header Label</description>
				<left>1000</left>
                <label>בחר תצוגה ראשית</label>
                <include>Dialog_Standard_Header</include>
            </control>
            <!-- Image -->
            <control type="group">
                <left>20</left>
                <width>1060</width>
                <top>100</top>
                <height>600</height>
                <control type="image">
                    <texture background="true" fallback="special://skin/fanart.jpg" diffuse="diffuse/1117.png">$INFO[Window.Property(Image_Preview)]</texture>
		    <!-- <visible>!Control.HasFocus(9004)</visible> -->
                    <aspectratio scalediffuse="false">keep</aspectratio>
                </control>
                <!-- <control type="multiimage"> -->
                    <!-- <aspectratio scalediffuse="false">keep</aspectratio> -->
                    <!-- <timeperimage>1000</timeperimage> -->
                    <!-- <imagepath>special://skin/extras/backgrounds/viewmodes/netflix-mixed/</imagepath> -->
		    <!-- <visible>Control.HasFocus(9004)</visible> -->
                <!-- </control> -->
                <control type="image">
                    <aspectratio scalediffuse="false">center</aspectratio>
                    <visible>[Control.HasFocus(9001) + !String.Contains(Control.GetLabel(9001),*)] | [Control.HasFocus(9002) + !String.Contains(Control.GetLabel(9002),*)] | [Control.HasFocus(9003) + !String.Contains(Control.GetLabel(9003),*)] | [Control.HasFocus(9004) + !String.Contains(Control.GetLabel(9004),*)] | [Control.HasFocus(9005) + !String.Contains(Control.GetLabel(9005),*)] | [Control.HasFocus(9006) + !String.Contains(Control.GetLabel(9006),*)] | [Control.HasFocus(9007) + !String.Contains(Control.GetLabel(9007),*)] | [Control.HasFocus(9008) + !String.Contains(Control.GetLabel(9008),*)] | [Control.HasFocus(9009) + !String.Contains(Control.GetLabel(9009),*)] | [Control.HasFocus(9010) + !String.Contains(Control.GetLabel(9010),*)]</visible>
                </control>
            </control>

            <control type="grouplist" id="9000">
                <description>Control Area</description>
                <right>20</right>
                <width>680</width>
                <top>100</top>
                <height>600</height>
                <itemgap>10</itemgap>
                <orientation>vertical</orientation>
                <pagecontrol>60</pagecontrol>
                <usecontrolcoords>true</usecontrolcoords>
                       <control type="radiobutton" id="9001" description="Enable Aura  Home Layout">
                            <include>Dialog_Standard_ListButton</include>
                            <radioposx>10</radioposx>
							 <!--אריחים טיטאן - שורה 1< -->
							<!-- <selected>Skin.SetString(HomeS,noxtitan)</selected> -->
                            <label>$LOCALIZE[31665]</label>
                            <onfocus>SetProperty(Image_Preview,special://skin/extras/viewthumbs/titanemin.jpg)</onfocus>
						<onclick>Skin.SetString(HomeStyle,emptycircle)</onclick>
                            <onclick condition="String.IsEmpty(Window(Home).Property(RunWizard))">ReloadSkin()</onclick>
                            <onclick condition="!String.IsEmpty(Window(Home).Property(RunWizard))">Close</onclick>
                            <onclick condition="!String.IsEmpty(Window(Home).Property(RunWizard))">ReplaceWindow(1157)</onclick>


                        </control>
                        <control type="radiobutton" id="9002" description="Enable Default Netflix  Home Layout">
                            <include>Dialog_Standard_ListButton</include>
                            <radioposx>10</radioposx>
                            <label>$LOCALIZE[3166511]</label>
                            <onfocus>SetProperty(Image_Preview,special://skin/extras/viewthumbs/bigtitanemin.jpg)</onfocus>
							 <!-- <selected>Skin.SetString(HomeS,titan)</selected> -->
							<onclick>Skin.SetString(HomeStyle,emptysquared)</onclick>
                            <onclick condition="String.IsEmpty(Window(Home).Property(RunWizard))">ReloadSkin()</onclick>
                            <onclick condition="!String.IsEmpty(Window(Home).Property(RunWizard))">Close</onclick>
                            <onclick condition="!String.IsEmpty(Window(Home).Property(RunWizard))">ReplaceWindow(1157)</onclick>


                        </control>
                        <control type="radiobutton" id="9003" description="Enable Alternative Home  Spotlight">
                            <include>Dialog_Standard_ListButton</include>
	                   <radioposx>10</radioposx>
                            <label>$LOCALIZE[31343583]</label>
                            <!-- <selected>Skin.HasSetting(DisableNetflixHomeAlt)</selected> -->
                           <onclick>Skin.SetString(HomeStyle,notile)</onclick>
                            <onclick condition="String.IsEmpty(Window(Home).Property(RunWizard))">ReloadSkin()</onclick>
                            <onclick condition="!String.IsEmpty(Window(Home).Property(RunWizard))">Close</onclick>
                            <onclick condition="!String.IsEmpty(Window(Home).Property(RunWizard))">ReplaceWindow(1157)</onclick>

	                    <onfocus>SetProperty(Image_Preview,special://skin/extras/viewthumbs/notile.jpg)</onfocus>
                        </control>
                        <control type="radiobutton" id="9004" description="Enable Mixed Netflix Home  Spotlight">
                            <include>Dialog_Standard_ListButton</include>
                           <radioposx>10</radioposx>
                            <label>$LOCALIZE[31501]</label>
                            <!-- <selected>Skin.HasSetting(DisableNetflixHomeMixed)</selected> -->
                            <onclick>Skin.SetString(HomeStyle,circle)</onclick>
                            <onclick condition="String.IsEmpty(Window(Home).Property(RunWizard))">ReloadSkin()</onclick>
                            <onclick condition="!String.IsEmpty(Window(Home).Property(RunWizard))">Close</onclick>
                            <onclick condition="!String.IsEmpty(Window(Home).Property(RunWizard))">ReplaceWindow(1157)</onclick>

	                    <onfocus>SetProperty(Image_Preview,special://skin/extras/viewthumbs/circle.jpg)</onfocus>
			
                        </control>
						
						
                        <control type="radiobutton" id="9005" description="Enable Mixed Netflix Home  Spotlight">
                            <include>Dialog_Standard_ListButton</include>
                           <radioposx>10</radioposx>
                            <label>$LOCALIZE[31181]</label>
                            <!-- <selected>Skin.HasSetting(DisableNetflixHomeMixed)</selected> -->
                             <onclick>Skin.SetString(HomeStyle,textintile)</onclick>
                            <onclick condition="String.IsEmpty(Window(Home).Property(RunWizard))">ReloadSkin()</onclick>
                            <onclick condition="!String.IsEmpty(Window(Home).Property(RunWizard))">Close</onclick>
                            <onclick condition="!String.IsEmpty(Window(Home).Property(RunWizard))">ReplaceWindow(1157)</onclick>
	                    <onfocus>SetProperty(Image_Preview,special://skin/extras/viewthumbs/textintile.jpg)</onfocus>
						
						
                        </control>
						
						
                        <control type="radiobutton" id="9006" description="Enable Mixed Netflix Home  Spotlight">
                            <include>Dialog_Standard_ListButton</include>
                           <radioposx>10</radioposx>
                            <label>$LOCALIZE[31667]</label>
                            <!-- <selected>Skin.HasSetting(DisableNetflixHomeMixed)</selected> -->
                           <onclick>Skin.SetString(HomeStyle,LGVIEW)</onclick>
                            <onclick condition="String.IsEmpty(Window(Home).Property(RunWizard))">ReloadSkin()</onclick>
                            <onclick condition="!String.IsEmpty(Window(Home).Property(RunWizard))">Close</onclick>
                            <onclick condition="!String.IsEmpty(Window(Home).Property(RunWizard))">ReplaceWindow(1157)</onclick>
	                    <onfocus>SetProperty(Image_Preview,special://skin/extras/viewthumbs/lg.jpg)</onfocus>

                        </control>

                        <control type="radiobutton" id="9007" description="Enable Mixed Netflix Home  Spotlight">
                            <include>Dialog_Standard_ListButton</include>
                           <radioposx>10</radioposx>
                            <label>$LOCALIZE[31343581]</label>
                            <!-- <selected>Skin.HasSetting(DisableNetflixHomeMixed)</selected> -->
                            <onclick>Skin.SetString(HomeStyle,bigtile)</onclick>	
                            <onclick condition="String.IsEmpty(Window(Home).Property(RunWizard))">ReloadSkin()</onclick>
                            <onclick condition="!String.IsEmpty(Window(Home).Property(RunWizard))">Close</onclick>
                            <onclick condition="!String.IsEmpty(Window(Home).Property(RunWizard))">ReplaceWindow(1157)</onclick>
	                    <onfocus>SetProperty(Image_Preview,special://skin/extras/viewthumbs/biglg.jpg)</onfocus>

                        </control>

                        <control type="radiobutton" id="9008" description="Enable Mixed Netflix Home  Spotlight">
                            <include>Dialog_Standard_ListButton</include>
                           <radioposx>10</radioposx>
                            <label>$LOCALIZE[31343669]</label>
                            <!-- <selected>Skin.HasSetting(DisableNetflixHomeMixed)</selected> -->
                           <onclick>Skin.SetString(HomeStyle,HomeMenuVertical)</onclick>
                            <onclick condition="String.IsEmpty(Window(Home).Property(RunWizard))">ReloadSkin()</onclick>
                            <onclick condition="!String.IsEmpty(Window(Home).Property(RunWizard))">Close</onclick>
                            <onclick condition="!String.IsEmpty(Window(Home).Property(RunWizard))">ReplaceWindow(1157)</onclick>
	                    <onfocus>SetProperty(Image_Preview,special://skin/extras/viewthumbs/PHNOMENAL.jpg)</onfocus>
		
                        </control>
                        <control type="radiobutton" id="9009" description="Enable Mixed Netflix Home  Spotlight">
                            <include>Dialog_Standard_ListButton</include>
                           <radioposx>10</radioposx>
                            <label>$LOCALIZE[31182]</label>
                            <!-- <selected>Skin.HasSetting(DisableNetflixHomeMixed)</selected> -->
                           <onclick>Skin.SetString(HomeStyle,textonly)</onclick>
                            <onclick condition="String.IsEmpty(Window(Home).Property(RunWizard))">ReloadSkin()</onclick>
                            <onclick condition="!String.IsEmpty(Window(Home).Property(RunWizard))">Close</onclick>
                            <onclick condition="!String.IsEmpty(Window(Home).Property(RunWizard))">ReplaceWindow(1157)</onclick>
	                    <onfocus>SetProperty(Image_Preview,special://skin/extras/viewthumbs/onlytext.jpg)</onfocus>
						
                        </control>
						
                        <control type="radiobutton" id="9010" description="Enable Mixed Netflix Home  Spotlight">
                            <include>Dialog_Standard_ListButton</include>
                           <radioposx>10</radioposx>
                            <label>$LOCALIZE[31636]</label>
                            <!-- <selected>Skin.HasSetting(DisableNetflixHomeMixed)</selected> -->
                           <onclick>Skin.SetString(HomeStyle,beveled)</onclick>
                            <onclick condition="String.IsEmpty(Window(Home).Property(RunWizard))">ReloadSkin()</onclick>
                            <onclick condition="!String.IsEmpty(Window(Home).Property(RunWizard))">Close</onclick>
                            <onclick condition="!String.IsEmpty(Window(Home).Property(RunWizard))">ReplaceWindow(1157)</onclick>
	                    <onfocus>SetProperty(Image_Preview,special://skin/extras/viewthumbs/beveled.jpg)</onfocus>

                        </control>
						
                        <control type="radiobutton" id="9011" description="Enable Mixed Netflix Home  Spotlight">
                            <include>Dialog_Standard_ListButton</include>
                           <radioposx>10</radioposx>
                            <label>$LOCALIZE[31502]</label>
                            <!-- <selected>Skin.HasSetting(DisableNetflixHomeMixed)</selected> -->
                           <onclick>Skin.SetString(HomeStyle,squared)</onclick>
                            <onclick condition="String.IsEmpty(Window(Home).Property(RunWizard))">ReloadSkin()</onclick>
                            <onclick condition="!String.IsEmpty(Window(Home).Property(RunWizard))">Close</onclick>
                            <onclick condition="!String.IsEmpty(Window(Home).Property(RunWizard))">ReplaceWindow(1157)</onclick>
	                    <onfocus>SetProperty(Image_Preview,special://skin/extras/viewthumbs/squared.jpg)</onfocus>

                        </control>
						
                        <control type="radiobutton" id="9012" description="Enable Mixed Netflix Home  Spotlight">
                            <include>Dialog_Standard_ListButton</include>
                           <radioposx>10</radioposx>
                            <label>$LOCALIZE[313437852]</label>
                            <!-- <selected>Skin.HasSetting(DisableNetflixHomeMixed)</selected> -->
                           <onclick>Skin.SetString(HomeLayout, enhanced)</onclick>
                            <onclick condition="String.IsEmpty(Window(Home).Property(RunWizard))">ReloadSkin()</onclick>
                            <onclick condition="!String.IsEmpty(Window(Home).Property(RunWizard))">Close</onclick>
                            <onclick condition="!String.IsEmpty(Window(Home).Property(RunWizard))">ReplaceWindow(1157)</onclick>
	                    <onfocus>SetProperty(Image_Preview,special://skin/extras/viewthumbs/homelayout_enhanced.jpg)</onfocus>
                        </control>
						
                        <control type="radiobutton" id="9013" description="Enable Mixed Netflix Home  Spotlight">
                            <include>Dialog_Standard_ListButton</include>
                           <radioposx>10</radioposx>
                            <label>$LOCALIZE[313437853]</label>
                            <!-- <selected>Skin.HasSetting(DisableNetflixHomeMixed)</selected> -->
                           <onclick>Skin.SetString(HomeLayout, win10)</onclick>
                            <onclick condition="String.IsEmpty(Window(Home).Property(RunWizard))">ReloadSkin()</onclick>
                            <onclick condition="!String.IsEmpty(Window(Home).Property(RunWizard))">Close</onclick>
                            <onclick condition="!String.IsEmpty(Window(Home).Property(RunWizard))">ReplaceWindow(1157)</onclick>
	                    <onfocus>SetProperty(Image_Preview,special://skin/extras/viewthumbs/homelayout_win10.jpg)</onfocus>
                        </control>
						
           </control>
        </control>
    </controls>
</window>
