<?xml version="1.0" encoding="UTF-8"?>
<!-- Foundation -->
<window type="dialog" id="1158">
    <defaultcontrol always="true">9000</defaultcontrol>
    <!-- <onunload>AlarmClock(reloadskin,ReloadSkin(),00:00,silent,false)</onunload> -->
    <controls>
        <include>Global_Overlay</include>
        <control type="group">
            <include content="Dialog_Standard_Group">
                <param name="width" value="1800" />
                <param name="height" value="716" />
            </include>

            <control type="label">
                <description>Header Label</description>
				<left>1000</left>
                <label>הגדרות מערכת</label>
                <include>Dialog_Standard_Header</include>
            </control>
            <!-- Image -->
            <control type="group">
                <left>20</left>
                <width>1060</width>
                <top>100</top>
                <height>600</height>
                <control type="image">
                    <texture background="true" fallback="special://skin/fanart.jpg" diffuse="diffuse/1117.png">$INFO[Window.Property(Image_Preview)]</texture>
		    <!-- <visible>!Control.HasFocus(9004)</visible> -->
                    <aspectratio scalediffuse="false">keep</aspectratio>
                </control>
                <!-- <control type="multiimage"> -->
                    <!-- <aspectratio scalediffuse="false">keep</aspectratio> -->
                    <!-- <timeperimage>1000</timeperimage> -->
                    <!-- <imagepath>special://skin/extras/backgrounds/viewmodes/netflix-mixed/</imagepath> -->
		    <!-- <visible>Control.HasFocus(9004)</visible> -->
                <!-- </control> -->
                <control type="image">
                    <aspectratio scalediffuse="false">center</aspectratio>
                    <visible>[Control.HasFocus(9001) + !String.Contains(Control.GetLabel(9001),*)] | [Control.HasFocus(9002) + !String.Contains(Control.GetLabel(9002),*)] | [Control.HasFocus(9003) + !String.Contains(Control.GetLabel(9003),*)] | [Control.HasFocus(9004) + !String.Contains(Control.GetLabel(9004),*)] | [Control.HasFocus(9005) + !String.Contains(Control.GetLabel(9005),*)] | [Control.HasFocus(9006) + !String.Contains(Control.GetLabel(9006),*)] | [Control.HasFocus(9007) + !String.Contains(Control.GetLabel(9007),*)] | [Control.HasFocus(9008) + !String.Contains(Control.GetLabel(9008),*)] | [Control.HasFocus(9009) + !String.Contains(Control.GetLabel(9009),*)] | [Control.HasFocus(9010) + !String.Contains(Control.GetLabel(9010),*)]</visible>
                </control>
            </control>

            <control type="grouplist" id="9000">
                <description>Control Area</description>
                <right>20</right>
                <width>680</width>
                <top>100</top>
                <height>600</height>
                <itemgap>10</itemgap>
                <orientation>vertical</orientation>
                <pagecontrol>60</pagecontrol>
                <usecontrolcoords>true</usecontrolcoords>

					<control type="radiobutton" id="9001" description="Enable Default Netflix  Home Layout">
						<include>Dialog_Standard_ListButton</include>
						<radioposx>10</radioposx>
						<textoffsetx>side</textoffsetx>
						<label>אפשר וידגטים</label>
						<onfocus>SetProperty(Image_Preview,special://skin/extras/viewthumbs/widget_on.jpg)</onfocus>
						 <!-- <selected>Skin.SetString(HomeS,titan)</selected> -->
						<!-- <selected>!Skin.ToggleSetting(none_widget)</selected> -->
						<onclick condition="Skin.HasSetting(none_widget)">Skin.ToggleSetting(none_widget)</onclick>
						<onclick condition="!Skin.HasSetting(none_widget)">Skin.ToggleSetting(DisableAllWidgets)</onclick>
					</control>
					<control type="radiobutton" id="9002" description="Enable Alternative Home  Spotlight">
						<include>Dialog_Standard_ListButton</include>
						<radioposx>10</radioposx>
						<textoffsetx>side</textoffsetx>
						<label>בטל וידגטים - מומלץ לסטרימרים חלשים</label>
						<!-- <selected>Skin.ToggleSetting(none_widget)</selected> -->
						<onclick condition="!Skin.HasSetting(none_widget)">Skin.ToggleSetting(none_widget)</onclick>
						<onclick condition="Skin.HasSetting(none_widget)">Skin.ToggleSetting(DisableAllWidgets)</onclick>
						<onfocus>SetProperty(Image_Preview,special://skin/extras/viewthumbs/widget_off.jpg)</onfocus>
					</control>
					<control type="button" id="9003" description="Enable Alternative Home  Spotlight">
						<include>Defs_OptionButton12</include>
						<label>באפר ברירת מחדל</label>

						<onclick>RunPlugin(plugin://plugin.program.Settingz-Anon/?url=plugin.&amp;mode=33&amp;name=%5BCOLOR+white%5D%D7%90%D7%A4%D7%A9%D7%A8%D7%95%D7%99%D7%95%D7%AA+%D7%91%D7%A0%D7%92%D7%9F%5B%2FCOLOR%5D)</onclick>
						<onfocus>SetProperty(Image_Preview,special://skin/extras/viewthumbs/bufferall.jpg)</onfocus>
					</control>
					<control type="button" id="9004" description="Enable Alternative Home  Spotlight">
						<include>Defs_OptionButton12</include>
						<label>באפר לסטרימרים בסגנון Xiaomi</label>
						<onclick>RunPlugin(plugin://plugin.program.Settingz-Anon/?url=plugin.&amp;mode=25&amp;name=%5BCOLOR+white%5D%D7%90%D7%A4%D7%A9%D7%A8%D7%95%D7%99%D7%95%D7%AA+%D7%91%D7%A0%D7%92%D7%9F%5B%2FCOLOR%5D)</onclick>
						<onfocus>SetProperty(Image_Preview,special://skin/extras/viewthumbs/Xiaomi.jpg)</onfocus>
					</control>
<!-- 					<control type="button" id="9005" description="Enable Alternative Home  Spotlight">
						<include>Defs_OptionButton12</include>
						<label>באפר עד 2 גיגה ראם</label>
						<onclick>RunPlugin(plugin://plugin.program.Settingz-Anon/?url=plugin.&amp;mode=20&amp;name=%5BCOLOR+white%5D%D7%90%D7%A4%D7%A9%D7%A8%D7%95%D7%99%D7%95%D7%AA+%D7%91%D7%A0%D7%92%D7%9F%5B%2FCOLOR%5D)</onclick>
						<onfocus>SetProperty(Image_Preview,special://skin/extras/viewthumbs/widget_off.jpg)</onfocus>
					</control> -->
					<control type="button" id="9005" description="Enable Alternative Home  Spotlight">
						<include>Defs_OptionButton12</include>
						<label>באפר לסטרימרים בסגנון Nvidia Shield</label>
						<onclick>RunPlugin(plugin://plugin.program.Settingz-Anon/?url=plugin.&amp;mode=21&amp;name=%5BCOLOR+white%5D%D7%90%D7%A4%D7%A9%D7%A8%D7%95%D7%99%D7%95%D7%AA+%D7%91%D7%A0%D7%92%D7%9F%5B%2FCOLOR%5D)</onclick>
						<onfocus>SetProperty(Image_Preview,special://skin/extras/viewthumbs/Nvidia_Shield.jpg)</onfocus>
					</control>
					<control type="button" id="9006" description="Enable Alternative Home  Spotlight">
						<include>Defs_OptionButton13</include>
					<width>100%</width>
						<label>אישור</label>
						<onclick condition="!String.IsEmpty(Window(Home).Property(RunWizard))">SetProperty(RunWizardHub,1,Home)</onclick>
						<onclick condition="!String.IsEmpty(Window(Home).Property(RunWizard))">Close</onclick>
						<onfocus>SetProperty(Image_Preview,special://skin/extras/viewthumbs/setup.jpg)</onfocus>
					</control>
           </control>
        </control>
    </controls>
</window>
