<?xml version="1.0" encoding="UTF-8"?>
<!-- Foundation -->
<window type="window" id="1134">
    <defaultcontrol always="true">9000</defaultcontrol>
    <controls>
        <control type="button" id="9000">
            <left>-100</left>
            <width>10</width>
			
<!--             <onfocus>AlarmClock(tryagain,SetFocus(9002),00:01,silent)</onfocus>
            <onfocus condition="!Skin.HasSetting(startupvideo) + !Player.HasMedia">PlayMedia(special://home/addons/skin.Premium.mod/extras/netflix.mp4,1)</onfocus> -->
			
			
			
            <!-- <onfocus condition="!String.IsEmpty(Skin.String(StartupPlaylist)) + !Player.HasMedia">PlayMedia($ESCINFO[Skin.String(StartupPlaylist)],1)</onfocus> -->
			<onfocus condition="!Player.HasMedia">ReplaceWindow($INFO[System.StartupWindow])</onfocus>
            <onfocus condition="!Skin.HasSetting(startupvideo) + !Player.HasMedia">PlayMedia(special://home/addons/skin.Premium.mod/extras/netflix.mp4,False)</onfocus>
			
			
        </control>
        <control type="button" id="9001">
            <left>-100</left>
            <width>10</width>
            <onfocus condition="!Player.HasMedia">ReplaceWindow($INFO[System.StartupWindow])</onfocus>
            <onfocus condition="Player.HasMedia">AlarmClock(tryagain,SetFocus(9002),00:01,silent)</onfocus>
	    <onback>ReplaceWindow($INFO[System.StartupWindow])</onback>
	    <onback>Stop</onback>
        </control>
        <control type="button" id="9002">
            <left>-100</left>
            <width>10</width>
            <onfocus>SetFocus(9001)</onfocus>
        </control>
        <control type="image" description="Background">
            <include>Dimensions_Fullscreen</include>
            <texture colordiffuse="black">common/white.png</texture>
        </control>
        <control type="videowindow">
            <visible>Player.HasVideo</visible>
            <include>Dimensions_Fullscreen</include>
        </control>
    </controls>
</window>
