<?xml version="1.0" encoding="UTF-8"?>
<!-- Foundation -->
<window type="dialog" id="1157">
    <defaultcontrol always="true">9005</defaultcontrol>
    <!-- <onunload>AlarmClock(reloadskin,ReloadSkin(),00:00,silent,false)</onunload> -->
    <controls>
        <include>Global_Overlay</include>
        <control type="group">
            <include content="Dialog_Standard_Group">
                <param name="width" value="1800" />
                <param name="height" value="716" />
            </include>

            <control type="label">
                <description>Header Label</description>
				<left>1000</left>
                <label>בחר נגן OSD</label>
                <include>Dialog_Standard_Header</include>
            </control>
            <!-- Image -->
            <control type="group">
                <left>20</left>
                <width>1060</width>
                <top>100</top>
                <height>600</height>
                <control type="image">
                    <texture background="true" fallback="special://skin/fanart.jpg" diffuse="diffuse/1117.png">$INFO[Window.Property(Image_Preview)]</texture>
		    <!-- <visible>!Control.HasFocus(9004)</visible> -->
                    <aspectratio scalediffuse="false">keep</aspectratio>
                </control>
                <!-- <control type="multiimage"> -->
                    <!-- <aspectratio scalediffuse="false">keep</aspectratio> -->
                    <!-- <timeperimage>1000</timeperimage> -->
                    <!-- <imagepath>special://skin/extras/backgrounds/viewmodes/netflix-mixed/</imagepath> -->
		    <!-- <visible>Control.HasFocus(9004)</visible> -->
                <!-- </control> -->
                <control type="image">
                    <aspectratio scalediffuse="false">center</aspectratio>
                    <visible>[Control.HasFocus(9001) + !String.Contains(Control.GetLabel(9001),*)] | [Control.HasFocus(9002) + !String.Contains(Control.GetLabel(9002),*)] | [Control.HasFocus(9003) + !String.Contains(Control.GetLabel(9003),*)] | [Control.HasFocus(9004) + !String.Contains(Control.GetLabel(9004),*)] | [Control.HasFocus(9005) + !String.Contains(Control.GetLabel(9005),*)] | [Control.HasFocus(9006) + !String.Contains(Control.GetLabel(9006),*)] | [Control.HasFocus(9007) + !String.Contains(Control.GetLabel(9007),*)] | [Control.HasFocus(9008) + !String.Contains(Control.GetLabel(9008),*)] | [Control.HasFocus(9009) + !String.Contains(Control.GetLabel(9009),*)] | [Control.HasFocus(9010) + !String.Contains(Control.GetLabel(9010),*)]</visible>
                </control>
            </control>

            <control type="grouplist" id="9000">
                <description>Control Area</description>
                <right>20</right>
                <width>680</width>
                <top>100</top>
                <height>600</height>
                <itemgap>10</itemgap>
                <orientation>vertical</orientation>
                <pagecontrol>60</pagecontrol>
                <usecontrolcoords>true</usecontrolcoords>

                        <control type="radiobutton" id="9001" description="Enable Default Netflix  Home Layout">
                          <include>Dialog_Standard_ListButton</include>
                          <radioposx>10</radioposx>
                          <label>נגן נטפליקס</label>
                          <onfocus>SetProperty(Image_Preview,special://skin/extras/viewthumbs/netflixosd.jpg)</onfocus>
					 <selected>!Skin.HasSetting(OsdS, aura)</selected>
					 <onclick>Skin.HasSetting(OsdS, aura)</onclick>
					<onclick>Skin.ToggleSetting(OsdS, aura)</onclick>
<!--                             <onclick condition="String.IsEmpty(Window(Home).Property(RunWizard))">ReloadSkin()</onclick>
                            <onclick condition="!String.IsEmpty(Window(Home).Property(RunWizard))">Close</onclick>
                            <onclick condition="!String.IsEmpty(Window(Home).Property(RunWizard))">ReplaceWindow(1158)</onclick> -->

                        </control>
                        <control type="radiobutton" id="9002" description="Enable Alternative Home  Spotlight">
                            <include>Dialog_Standard_ListButton</include>
	                   <radioposx>10</radioposx>
                            <label>נגן אמיננס</label>
                            <!-- <selected>Skin.HasSetting(DisableNetflixHomeAlt)</selected> -->
							
                      <onclick>Skin.SetString(OsdS, emin)</onclick>
<!--                             <onclick condition="String.IsEmpty(Window(Home).Property(RunWizard))">ReloadSkin()</onclick>
                            <onclick condition="!String.IsEmpty(Window(Home).Property(RunWizard))">Close</onclick>
                            <onclick condition="!String.IsEmpty(Window(Home).Property(RunWizard))">ReplaceWindow(1158)</onclick> -->

	                    <onfocus>SetProperty(Image_Preview,special://skin/extras/viewthumbs/eminosd.jpg)</onfocus>

                        </control>
                        <control type="radiobutton" id="9003" description="Enable Alternative Home  Spotlight">
                            <include>Dialog_Standard_ListButton</include>
	                   <radioposx>10</radioposx>
                            <label>נגן פוליסיד</label>
                            <!-- <selected>Skin.HasSetting(DisableNetflixHomeAlt)</selected> -->
                       <onclick>Skin.SetString(OsdS, pull)</onclick>
<!--                             <onclick condition="String.IsEmpty(Window(Home).Property(RunWizard))">ReloadSkin()</onclick>
                            <onclick condition="!String.IsEmpty(Window(Home).Property(RunWizard))">Close</onclick>
                            <onclick condition="!String.IsEmpty(Window(Home).Property(RunWizard))">ReplaceWindow(1158)</onclick> -->

	                    <onfocus>SetProperty(Image_Preview,special://skin/extras/viewthumbs/poliiosd.jpg)</onfocus>

                        </control>
					<control type="radiobutton" id="9004" description="Enable Alternative Home  Spotlight">
						<include>Dialog_Standard_ListButton</include>
						<radioposx>10</radioposx>
						<textoffsetx>side</textoffsetx>
						<label>ביטול וידגטים - מומלץ לסטרימרים חלשים</label>
						<!-- <selected>Skin.ToggleSetting(none_widget)</selected> -->
                         <selected>Skin.HasSetting(none_widget)</selected>
                         <onclick>Skin.ToggleSetting(none_widget)</onclick>
						<onclick>Skin.ToggleSetting(DisableAllWidgets)</onclick>
						<onfocus>SetProperty(Image_Preview,special://skin/extras/viewthumbs/widget_off.jpg)</onfocus>
					</control>
					<control type="button" id="9005" description="Enable Alternative Home  Spotlight">
						<include>Defs_OptionButton13</include>
					<width>100%</width>
						<label>אישור</label>
						<onclick condition="!String.IsEmpty(Window(Home).Property(RunWizard))">SetProperty(RunWizardHub,1,Home)</onclick>
						<onclick condition="!String.IsEmpty(Window(Home).Property(RunWizard))">Close</onclick>
						<onfocus>SetProperty(Image_Preview,special://skin/extras/viewthumbs/setup.jpg)</onfocus>
					</control>
           </control>
        </control>
    </controls>
</window>
