
<window>
    <animation type="WindowOpen" reversible="false">
        <effect type="fade" start="0" end="100" time="100" tween="sine" easing="in" />
        <!-- <effect type="zoom" start="0" end="100" time="200" center="auto" tween="quadratic" easing="out" /> -->
    </animation>
    <coordinates>
        <left>280</left>
        <top>20</top>
    </coordinates>

    <controls>
		<control type="group" id="5000">
		    <posx>0</posx>
			<posy>0</posy> 
			<control type="image" id="101"><!-- פוסטר -->
                <left>0</left>
                <top>50</top>
                <width>1300</width>
                <height>650</height>
				<visible>false</visible>
            </control>
			 <control type="image">
					<description>Background image</description>
					<posx>0</posx>
					<posy>0</posy>
					<width>1300</width>
					<height>1050</height>
					<colordiffuse>CC000000</colordiffuse>
					<texture border="20">DialogBack.png</texture>  
			</control>
			<control type="label" id="6001">
						<posx>0</posx>
						<posy>10</posy>
						<width>1280</width>
						<height>38</height>
						<font>font-28</font>
						<aligny>center</aligny>
						<align>center</align>
			</control>


			<control type="list" id="3000">
				<description>List to hold 'buttons'</description>
				<posx>10</posx>
				<posy>50</posy>
				<width>1800</width>
				<height>940</height>
				<onright>105</onright>
				<onleft>3001</onleft>  
				<ondown>3001</ondown>  
				<pagecontrol>105</pagecontrol>
				<!-- <autoscroll time="11000" delay="8000" repeat="8000">true</autoscroll> -->
				<itemlayout width="1800" height="230">                
<!-- 					<control type="image">
						<posx>1120</posx>
						<posy>0</posy>
						<width>150</width>
						<height>215</height>
						<texture border="5">button-nofocus.png</texture>
					</control> -->
					<control type="image">
						<posx>1120</posx>
						<posy>20</posy>
						<width>150</width>
						<height>215</height>
						<texture>$INFO[ListItem.Property(image)]</texture>
					</control>
				   <control type="label">
						
						<posx>-30</posx>
						<posy>20</posy>
						<width>1130</width>
						<height>41</height>
						<font>font-25</font>

						<textcolor>white</textcolor>
						<aligny>center</aligny>		    
						<align>right</align>
						<info>ListItem.Label</info>
					</control>

				   <control type="label">
						<posx>-30</posx>
						<posy>65</posy>
						<width>1130</width>
						<height>41</height>
						<font>Font-ListInfo5</font>
						<textcolor>white</textcolor>
						<aligny>center</aligny>		    
						<align>right</align>
						<!-- <visible>String.IsEqual(ListItem.Property(season)</visible> -->
						<info>ListItem.Property(season)</info>
				   </control>
				   
				   <control type="label">
						<posx>-230</posx>
						<posy>100</posy>
						<width>1130</width>
						<height>41</height>
						<font>Font-Header2</font>
					<textcolor>white</textcolor>
						<aligny>center</aligny>		    
						<align>right</align>
						<!-- <visible>String.IsEqual(ListItem.Property(episode))</visible> -->
						<info>ListItem.Property(seperit)</info>
				   </control>

				   <control type="textbox">
						<posx>20</posx>
						<posy>90</posy>
						<width>1080</width>
						<height>147</height>
						<font>Font-ListInfo5</font>
						<textcolor>FF999999</textcolor>
						<aligny>center</aligny>		    
						<align>right</align>
						<info>ListItem.Property(plot)</info>
						<autoscroll time="3000" delay="4000" repeat="5000">false</autoscroll>
						<!-- <visible>false</visible> -->
				   </control>
			   </itemlayout>
	
			   <focusedlayout width="1800" height="230">

					
					<control type="image">
						<visible>Control.HasFocus(3000)</visible>
						<posx>-20</posx>
						<posy>20</posy>
						<width>1300</width>
						<height>215</height>                                        
						<texture border="5">button-focus_grey.png</texture>
					<colordiffuse>white</colordiffuse>
					</control>

					<control type="image">
						<posx>1120</posx>
						<posy>20</posy>
						<width>150</width>
						<height>215</height>
						<texture>$INFO[ListItem.Property(image)]</texture>
					</control>

				   <control type="label">
						
						<posx>-30</posx>
						<posy>20</posy>
						<width>1130</width>
						<height>41</height>
						<font>font-25</font>

						<textcolor>white</textcolor>
						<aligny>center</aligny>		    
						<align>right</align>
						<info>ListItem.Label</info>
					</control>
				   <control type="label">
						<posx>-30</posx>
						<posy>65</posy>
						<width>1130</width>
						<height>41</height>
						<font>Font-ListInfo5</font>
						<textcolor>white</textcolor>
						<aligny>center</aligny>		    
						<align>right</align>
						<!-- <visible>String.IsEqual(ListItem.Property(season)</visible> -->
						<info>ListItem.Property(season)</info>
				   </control>
				   
				   <control type="label">
						<posx>-230</posx>
						<posy>100</posy>
						<width>1130</width>
						<height>41</height>
						<font>Font-Header2</font>
					<textcolor>white</textcolor>
						<aligny>center</aligny>		    
						<align>right</align>
						<!-- <visible>String.IsEqual(ListItem.Property(episode))</visible> -->
						<info>ListItem.Property(seperit)</info>
				   </control>

				   <control type="textbox">
						<posx>20</posx>
						<posy>90</posy>
						<width>1080</width>
						<height>147</height>
						<font>Font-ListInfo5</font>
						<textcolor>white</textcolor>
						<aligny>center</aligny>		    
						<align>right</align>
						<info>ListItem.Property(plot)</info>
						<autoscroll time="3000" delay="4000" repeat="5000">false</autoscroll>
						<!-- <visible>false</visible> -->
				   </control>
				</focusedlayout>
			</control>  

			<control type="button" id="3001">
				<description>Close Window button</description>
				<posx>20</posx>
				<posy>980</posy>
				<width>120</width>
				<height>50</height>
				<label>סגור</label>
				 <textcolor>FFF0F0F0</textcolor>
				<font>font-22b</font>
				<onclick>PreviousMenu</onclick>
                <texturefocus colordiffuse="FF12B2E7">Button/testbuttonfo.png</texturefocus>
                <texturenofocus>Button/testbuttonnf.png</texturenofocus>
				<visible>system.getbool(input.enablemouse)</visible>			
				<onup>3000</onup>
				<ondown>3000</ondown>
				<onright>3002</onright>
				<onleft>105</onleft>  
                <align>center</align>
                <aligny>center</aligny>
			</control>
			<control type="button" id="3002">
				<description>Close Window button</description>
				<posx>220</posx>
				<posy>980</posy>
				<width>220</width>
				<height>50</height>
				<label>אל תציג יותר</label>
				 <textcolor>FFF0F0F0</textcolor>
				<font>font-22b</font>
				<onclick>PreviousMenu</onclick>
                <texturefocus colordiffuse="FF12B2E7">Button/testbuttonfo.png</texturefocus>
                <texturenofocus>Button/testbuttonnf.png</texturenofocus>
				<visible>system.getbool(input.enablemouse)</visible>			
				<onup>3000</onup>
				<ondown>3000</ondown>
				<onright>3000</onright>
				<onleft>3001</onleft>  
                <align>center</align>
                <aligny>center</aligny>
			</control>	
	    </control>
    </controls>
</window>