<?xml version="1.0" encoding="UTF-8" standalone="yes"?>
<addon id="plugin.video.dreamspeed"                                                                                                                                    
	   name="סדרות בטורקית"                                                 
	   version="1.0.0"                                                                                                                                        
	   provider-name="Turkish">
  <requires>

	<import addon="script.module.requests"/>


  </requires>
  <extension point="xbmc.python.pluginsource"
            library="default.py">
        <provides>video</provides>
  </extension>
  <extension point="xbmc.addon.metadata">

    <summary lang="he">Turkish</summary>
    <description lang="he">Turkish</description>
    <platform>all</platform>
	<assets>
            <icon>icon.png</icon>
            <fanart>fanart.jpg</fanart>
    </assets>
  </extension>
</addon>