﻿<?xml version="1.0" encoding="UTF-8" standalone="yes"?>
<addon id="repository.gaia.2" version="1.1.8" name="Gaia Repository 2" provider-name="Gaia">
	<requires>
		<!-- <import addon="xbmc.python" version="2.14.0"/> -->
		<import addon="script.module.requests"/>
	</requires>
  <extension point="xbmc.python.pluginsource" library="default.py">
    <!-- <provides>executable</provides> -->
  </extension>
	<extension point="xbmc.addon.repository" name="Gaia Repository 2">
		<dir>
			<info compressed="false">https://github.com/gaiaorigin/gaiaorigin/raw/master/common/addons.xml?v=3.0.0</info>
			<checksum>https://github.com/gaiaorigin/gaiaorigin/raw/master/common/addons.xml.md5?v=3.0.0</checksum>
			<datadir zip="true">https://github.com/gaiaorigin/gaiaorigin/raw/master/common/</datadir>
		</dir>
	</extension>
	<extension point="xbmc.service" library="gaia.py" start="startup" />
	<extension point="xbmc.addon.metadata">
		<summary lang="en">Gaia Primary Repository</summary>
		<description lang="en">The Gaia repository for the addon, resources, extensions, and external addons. Any of the Gaia mirror repositories can be used for installation and updates.</description>
		<disclaimer lang="en">Gaia and its developers are not in any way affiliated with Kodi, Premiumize, OffCloud, RealDebrid, EasyNews, Orion, or any of the sites and providers used in the addon.<br/>Gaia is and always will be free and open-source. None of its code and resources may be sold or redistributed for any commercial purposes.<br/>Gaia and its developers do not host, create, or distribute any of the content displayed in the addon, it simply searches public websites.</disclaimer>
		<platform>all</platform>
		<license>GPL 3.0</license>
		<website>https://gaiakodi.com</website>
		<forum>https://gaiakodi.com/?support</forum>
	</extension>
</addon>
