<?xml version="1.0" encoding="UTF-8" standalone="yes"?>
<addon id="plugin.video.telemedia"                                                                                                                                    
	   name="Telemedia Mod"                                                 
	   version="3.0.2"                                                                                                                                        
	   provider-name="Pavel Durov">
  <requires>
    <!-- <import addon="xbmc.python" version="2.1.0"/> -->
	<import addon="script.module.requests"/>

	<import addon="script.module.pyxbmct" version="1.1.4" />
  </requires>
  <extension point="xbmc.python.pluginsource"
            library="main.py">
        <provides>video</provides>
  </extension>
  <extension point="xbmc.service" library="service.py" start="startup" />
  <extension point="xbmc.addon.metadata">
    <summary lang="he">Telegram media for kodi,\n Thanks to "Aliaksei Levin" without him none of this would have been possiable</summary>
    <description lang="he">Telegram media for kodi</description>
    <platform>all</platform>
	<assets>
            <icon>icon.png</icon>
            <fanart>fanart.jpg</fanart>
    </assets>
  </extension>
</addon>